label,file,reason
A,A (13).mp4,too_short
A,A (14).mp4,too_short
A,A (4).mp4,too_short
A,A_1.mp4,too_long
A,A_100.mp4,too_long
A,A_12.mp4,too_long
A,A_16.mp4,too_long
A,A_2.mp4,too_long
A,A_24.mp4,too_long
A,A_26.mp4,too_long
A,A_3.mp4,too_long
A,A_36.mp4,too_long
A,A_4.mp4,too_long
A,A_43.mp4,too_long
A,A_44.mp4,too_long
A,A_46.mp4,too_short
A,A_5.mp4,too_long
A,A_51.mp4,too_short
A,A_52.mp4,too_long
A,A_55.mp4,too_long
A,A_56.mp4,too_long
A,A_6.mp4,too_long
A,A_61.mp4,too_long
A,A_62.mp4,too_long
A,A_63.mp4,too_long
A,A_7.mp4,too_long
A,A_74.mp4,too_long
A,A_75.mp4,too_long
A,A_77.mp4,too_long
A,A_78.mp4,too_long
A,A_82.mp4,too_long
A,A_85.mp4,too_long
A,A_87.mp4,too_long
A,A_88.mp4,too_short
A,A_90.mp4,too_short
A,A_94.mp4,too_long
B,B_12.mp4,too_long
B,B_13.mp4,too_long
B,B_14.mp4,too_long
B,B_16.mp4,too_long
B,B_17.mp4,too_long
B,B_2.mp4,too_long
B,B_20.mp4,too_long
B,B_21.mp4,too_long
B,B_22.mp4,too_long
B,B_24.mp4,too_long
B,B_25.mp4,too_long
B,B_27.mp4,too_long
B,B_3.mp4,too_long
B,B_30.mp4,too_long
B,B_32.mp4,too_long
B,B_33.mp4,too_long
B,B_35.mp4,too_long
B,B_37.mp4,too_long
B,B_39.mp4,too_long
B,B_4.mp4,too_long
B,B_40.mp4,too_long
B,B_42.mp4,too_long
B,B_44.mp4,too_long
B,B_45.mp4,too_long
B,B_46.mp4,too_long
B,B_47.mp4,too_long
B,B_48.mp4,too_long
B,B_49.mp4,too_long
B,B_5.mp4,too_long
B,B_50.mp4,too_long
B,B_51.mp4,too_long
B,B_52.mp4,too_long
B,B_53.mp4,too_long
B,B_56.mp4,too_long
B,B_57.mp4,too_long
B,B_6.mp4,too_long
B,B_62.mp4,too_long
B,B_63.mp4,too_long
B,B_64.mp4,too_long
B,B_66.mp4,too_long
B,B_67.mp4,too_long
B,B_69.mp4,too_long
B,B_7.mp4,too_long
B,B_70.mp4,too_long
B,B_73.mp4,too_long
B,B_74.mp4,too_long
B,B_75.mp4,too_long
B,B_76.mp4,too_long
B,B_78.mp4,too_long
B,B_79.mp4,too_long
B,B_8.mp4,too_long
B,B_81.mp4,too_long
B,B_82.mp4,too_long
B,B_83.mp4,too_long
B,B_84.mp4,too_long
B,B_85.mp4,too_long
B,B_87.mp4,too_long
B,B_88.mp4,too_long
B,B_89.mp4,too_long
B,B_91.mp4,too_long
B,B_95.mp4,too_long
B,B_96.mp4,too_long
B,B_97.mp4,too_long
B,B_98.mp4,too_long
B,B_99.mp4,too_long
C,C (18).mp4,too_short
C,C (19).mp4,too_short
C,C (23).mp4,too_short
C,C (24).mp4,too_short
C,C (25).mp4,too_short
C,C (26).mp4,too_short
C,C (27).mp4,too_short
C,C (34).mp4,too_short
C,C (44).mp4,too_short
C,C (45).mp4,too_short
C,C (50).mp4,too_short
C,C (55).mp4,too_short
C,C_12.mp4,too_long
C,C_31.mp4,too_long
C,C_5.mp4,too_long
C,C_57.mp4,too_short
C,C_62.mp4,too_long
C,C_68.mp4,too_long
C,C_77.mp4,too_long
C,C_81.mp4,too_long
D,D_100.mp4,too_long
D,D_11.mp4,too_long
D,D_12.mp4,too_long
D,D_15.mp4,too_long
D,D_16.mp4,too_long
D,D_19.mp4,too_long
D,D_20.mp4,too_long
D,D_22.mp4,too_long
D,D_23.mp4,too_long
D,D_28.mp4,too_long
D,D_32.mp4,too_long
D,D_33.mp4,too_long
D,D_38.mp4,too_long
D,D_41.mp4,too_long
D,D_43.mp4,too_long
D,D_45.mp4,too_long
D,D_46.mp4,too_long
D,D_47.mp4,too_long
D,D_49.mp4,too_long
D,D_51.mp4,too_long
D,D_58.mp4,too_long
D,D_59.mp4,too_long
D,D_60.mp4,too_long
D,D_61.mp4,too_long
D,D_63.mp4,too_long
D,D_64.mp4,too_long
D,D_69.mp4,too_long
D,D_7.mp4,too_long
D,D_71.mp4,too_long
D,D_74.mp4,too_long
D,D_76.mp4,too_long
D,D_77.mp4,too_long
D,D_80.mp4,too_long
D,D_82.mp4,too_long
D,D_83.mp4,too_long
D,D_91.mp4,too_long
D,D_94.mp4,too_long
D,D_95.mp4,too_long
D,D_97.mp4,too_long
E,E (10).mp4,too_short
E,E (11).mp4,too_short
E,E (12).mp4,too_short
E,E (15).mp4,too_short
E,E (16).mp4,too_short
E,E (17).mp4,too_short
E,E (18).mp4,too_short
E,E (19).mp4,too_short
E,E (2).mp4,too_short
E,E (20).mp4,too_short
E,E (21).mp4,too_short
E,E (26).mp4,too_short
E,E (28).mp4,too_short
E,E (29).mp4,too_short
E,E (3).mp4,too_short
E,E (31).mp4,too_short
E,E (35).mp4,too_short
E,E (37).mp4,too_short
E,E (4).mp4,too_short
E,E (5).mp4,too_short
E,E (6).mp4,too_short
E,E (7).mp4,too_short
E,E (9).mp4,too_short
E,E_102.mp4,too_long
E,E_25.mp4,too_short
E,E_26.mp4,too_long
E,E_34.mp4,too_long
E,E_37.mp4,too_short
E,E_44.mp4,too_long
E,E_53.mp4,too_long
E,E_66.mp4,too_long
E,E_7.mp4,too_long
E,E_72.mp4,too_long
E,E_73.mp4,too_long
E,E_88.mp4,too_long
G,G_11.mp4,too_long
G,G_12.mp4,too_long
G,G_13.mp4,too_long
G,G_14.mp4,too_long
G,G_15.mp4,too_long
G,G_16.mp4,too_long
G,G_21.mp4,too_long
G,G_22.mp4,too_long
G,G_24.mp4,too_long
G,G_25.mp4,too_long
G,G_28.mp4,too_long
G,G_30.mp4,too_long
G,G_31.mp4,too_long
G,G_32.mp4,too_long
G,G_35.mp4,too_long
G,G_36.mp4,too_long
G,G_40.mp4,too_long
G,G_42.mp4,too_long
G,G_43.mp4,too_long
G,G_44.mp4,too_long
G,G_46.mp4,too_long
G,G_48.mp4,too_long
G,G_50.mp4,too_long
G,G_54.mp4,too_long
G,G_55.mp4,too_long
G,G_57.mp4,too_long
G,G_6.mp4,too_long
G,G_63.mp4,too_long
G,G_64.mp4,too_long
G,G_65.mp4,too_long
G,G_66.mp4,too_long
G,G_69.mp4,too_long
G,G_7.mp4,too_long
G,G_72.mp4,too_long
G,G_76.mp4,too_long
G,G_8.mp4,too_long
G,G_81.mp4,too_long
G,G_82.mp4,too_long
G,G_83.mp4,too_long
G,G_85.mp4,too_long
G,G_86.mp4,too_long
G,G_92.mp4,too_long
G,G_93.mp4,too_long
G,G_94.mp4,too_long
G,G_97.mp4,too_long
G,G_99.mp4,too_short
H,H (43).mp4,too_short
H,H (44).mp4,too_short
H,H (51).mp4,too_short
H,H (64).mp4,too_short
H,H (67).mp4,too_short
H,H_42.mp4,too_long
H,H_7.mp4,too_long
H,H_84.mp4,too_long
H,H_94.mp4,too_long
I,I_10.mp4,too_long
I,I_100.mp4,too_long
I,I_11.mp4,too_long
I,I_12.mp4,too_short
I,I_13.mp4,too_long
I,I_14.mp4,too_short
I,I_15.mp4,too_long
I,I_16.mp4,too_long
I,I_18.mp4,too_long
I,I_19.mp4,too_long
I,I_2.mp4,too_long
I,I_21.mp4,too_long
I,I_26.mp4,too_long
I,I_27.mp4,too_long
I,I_28.mp4,too_long
I,I_29.mp4,too_long
I,I_3.mp4,too_long
I,I_33.mp4,too_long
I,I_35.mp4,too_long
I,I_36.mp4,too_long
I,I_37.mp4,too_long
I,I_4.mp4,too_long
I,I_44.mp4,too_long
I,I_46.mp4,too_long
I,I_47.mp4,too_short
I,I_49.mp4,too_long
I,I_5.mp4,too_long
I,I_50.mp4,too_long
I,I_51.mp4,too_long
I,I_52.mp4,too_long
I,I_53.mp4,too_long
I,I_55.mp4,too_long
I,I_57.mp4,too_long
I,I_6.mp4,too_long
I,I_60.mp4,too_long
I,I_65.mp4,too_long
I,I_67.mp4,too_long
I,I_69.mp4,too_long
I,I_70.mp4,too_long
I,I_72.mp4,too_long
I,I_73.mp4,too_long
I,I_74.mp4,too_long
I,I_75.mp4,too_long
I,I_76.mp4,too_long
I,I_77.mp4,too_long
I,I_79.mp4,too_short
I,I_8.mp4,too_long
I,I_82.mp4,too_long
I,I_83.mp4,too_long
I,I_85.mp4,too_long
I,I_86.mp4,too_long
I,I_87.mp4,too_long
I,I_88.mp4,too_long
I,I_89.mp4,too_long
I,I_91.mp4,too_long
I,I_93.mp4,too_long
I,I_94.mp4,too_long
I,I_95.mp4,too_long
I,I_96.mp4,too_long
I,I_97.mp4,too_long
I,I_98.mp4,too_long
I,I_99.mp4,too_long
J,J_1.mp4,too_long
J,J_10.mp4,too_long
J,J_11.mp4,too_long
J,J_12.mp4,too_long
J,J_14.mp4,too_long
J,J_15.mp4,too_long
J,J_16.mp4,too_long
J,J_18.mp4,too_long
J,J_2.mp4,too_long
J,J_27.mp4,too_long
J,J_3.mp4,too_long
J,J_30.mp4,too_long
J,J_33.mp4,too_long
J,J_34.mp4,too_long
J,J_35.mp4,too_long
J,J_36.mp4,too_long
J,J_38.mp4,too_long
J,J_40.mp4,too_long
J,J_41.mp4,too_long
J,J_43.mp4,too_long
J,J_47.mp4,too_long
J,J_5.mp4,too_long
J,J_50.mp4,too_long
J,J_54.mp4,too_long
J,J_55.mp4,too_long
J,J_61.mp4,too_long
J,J_66.mp4,too_long
J,J_73.mp4,too_long
J,J_74.mp4,too_long
J,J_75.mp4,too_long
J,J_77.mp4,too_long
J,J_8.mp4,too_long
J,J_80.mp4,too_long
J,J_81.mp4,too_long
J,J_90.mp4,too_long
J,J_92.mp4,too_long
J,J_97.mp4,too_long
K,K_1.mp4,too_long
K,K_104.mp4,too_long
K,K_106.mp4,too_long
K,K_107.mp4,too_long
K,K_110.mp4,too_long
K,K_17.mp4,too_long
K,K_18.mp4,too_long
K,K_22.mp4,too_long
K,K_24.mp4,too_long
K,K_28.mp4,too_long
K,K_30.mp4,too_long
K,K_33.mp4,too_long
K,K_35.mp4,too_long
K,K_36.mp4,too_long
K,K_39.mp4,too_long
K,K_40.mp4,too_long
K,K_41.mp4,too_long
K,K_42.mp4,too_long
K,K_43.mp4,too_long
K,K_44.mp4,too_long
K,K_46.mp4,too_long
K,K_48.mp4,too_long
K,K_49.mp4,too_long
K,K_57.mp4,too_long
K,K_58.mp4,too_long
K,K_60.mp4,too_long
K,K_62.mp4,too_long
K,K_65.mp4,too_long
K,K_67.mp4,too_long
K,K_68.mp4,too_long
K,K_73.mp4,too_long
K,K_74.mp4,too_long
K,K_78.mp4,too_long
K,K_81.mp4,too_long
K,K_82.mp4,too_long
K,K_83.mp4,too_long
K,K_85.mp4,too_long
K,K_92.mp4,too_long
L,L_100.mp4,too_long
L,L_12.mp4,too_long
L,L_13.mp4,too_long
L,L_14.mp4,too_long
L,L_16.mp4,too_long
L,L_17.mp4,too_long
L,L_2.mp4,too_long
L,L_20.mp4,too_long
L,L_22.mp4,too_long
L,L_23.mp4,too_long
L,L_24.mp4,too_long
L,L_29.mp4,too_long
L,L_31.mp4,too_long
L,L_32.mp4,too_long
L,L_33.mp4,too_long
L,L_34.mp4,too_long
L,L_35.mp4,too_long
L,L_38.mp4,too_long
L,L_4.mp4,too_long
L,L_40.mp4,too_long
L,L_41.mp4,too_long
L,L_42.mp4,too_short
L,L_43.mp4,too_long
L,L_44.mp4,too_long
L,L_46.mp4,too_long
L,L_47.mp4,too_long
L,L_49.mp4,too_long
L,L_5.mp4,too_long
L,L_51.mp4,too_long
L,L_53.mp4,too_long
L,L_54.mp4,too_long
L,L_57.mp4,too_long
L,L_58.mp4,too_long
L,L_6.mp4,too_short
L,L_60.mp4,too_long
L,L_63.mp4,too_long
L,L_67.mp4,too_long
L,L_70.mp4,too_long
L,L_75.mp4,too_long
L,L_8.mp4,too_long
L,L_81.mp4,too_long
L,L_82.mp4,too_long
L,L_87.mp4,too_long
L,L_88.mp4,too_long
L,L_89.mp4,too_long
L,L_9.mp4,too_short
L,L_90.mp4,too_long
L,L_93.mp4,too_long
L,L_95.mp4,too_long
L,L_98.mp4,too_long
L,L_99.mp4,too_long
M,M (26).mp4,too_long
M,M (49).mp4,too_long
M,M (62).mp4,too_long
N,N (19).mp4,too_short
N,N (20).mp4,too_short
N,N (21).mp4,too_short
N,N (22).mp4,too_short
N,N (23).mp4,too_short
N,N (24).mp4,too_short
N,N (25).mp4,too_short
O,O (1).mp4,too_short
O,O (10).mp4,too_short
O,O (100).mp4,too_short
O,O (101).mp4,too_short
O,O (102).mp4,too_short
O,O (103).mp4,too_short
O,O (11).mp4,too_short
O,O (12).mp4,too_short
O,O (13).mp4,too_short
O,O (14).mp4,too_short
O,O (15).mp4,too_short
O,O (16).mp4,too_short
O,O (17).mp4,too_short
O,O (18).mp4,too_short
O,O (19).mp4,too_short
O,O (2).mp4,too_short
O,O (20).mp4,too_short
O,O (21).mp4,too_short
O,O (22).mp4,too_short
O,O (23).mp4,too_short
O,O (24).mp4,too_short
O,O (25).mp4,too_short
O,O (27).mp4,too_short
O,O (28).mp4,too_short
O,O (3).mp4,too_short
O,O (32).mp4,too_short
O,O (34).mp4,too_short
O,O (36).mp4,too_short
O,O (37).mp4,too_short
O,O (4).mp4,too_short
O,O (45).mp4,too_short
O,O (46).mp4,too_short
O,O (48).mp4,too_short
O,O (5).mp4,too_short
O,O (50).mp4,too_short
O,O (54).mp4,too_short
O,O (56).mp4,too_short
O,O (58).mp4,too_short
O,O (6).mp4,too_short
O,O (60).mp4,too_short
O,O (63).mp4,too_short
O,O (64).mp4,too_short
O,O (65).mp4,too_short
O,O (66).mp4,too_short
O,O (67).mp4,too_short
O,O (68).mp4,too_short
O,O (69).mp4,too_short
O,O (7).mp4,too_short
O,O (70).mp4,too_short
O,O (71).mp4,too_short
O,O (72).mp4,too_short
O,O (73).mp4,too_short
O,O (74).mp4,too_short
O,O (75).mp4,too_short
O,O (76).mp4,too_short
O,O (77).mp4,too_short
O,O (78).mp4,too_short
O,O (79).mp4,too_short
O,O (8).mp4,too_short
O,O (80).mp4,too_short
O,O (81).mp4,too_short
O,O (82).mp4,too_short
O,O (83).mp4,too_short
O,O (84).mp4,too_short
O,O (85).mp4,too_short
O,O (86).mp4,too_short
O,O (87).mp4,too_short
O,O (88).mp4,too_short
O,O (89).mp4,too_short
O,O (9).mp4,too_short
O,O (90).mp4,too_short
O,O (91).mp4,too_short
O,O (92).mp4,too_short
O,O (93).mp4,too_short
O,O (94).mp4,too_short
O,O (95).mp4,too_short
O,O (96).mp4,too_short
O,O (97).mp4,too_short
O,O (98).mp4,too_short
O,O (99).mp4,too_short
P,P (21).mp4,too_short
P,P_1.mp4,too_long
P,P_10.mp4,too_long
P,P_100.mp4,too_long
P,P_13.mp4,too_long
P,P_15.mp4,too_long
P,P_19.mp4,too_long
P,P_2.mp4,too_long
P,P_20.mp4,too_long
P,P_22.mp4,too_long
P,P_23.mp4,too_long
P,P_33.mp4,too_long
P,P_35.mp4,too_long
P,P_38.mp4,too_long
P,P_39.mp4,too_long
P,P_42.mp4,too_long
P,P_46.mp4,too_long
P,P_5.mp4,too_long
P,P_56.mp4,too_long
P,P_57.mp4,too_long
P,P_58.mp4,too_long
P,P_59.mp4,too_long
P,P_60.mp4,too_long
P,P_65.mp4,too_long
P,P_67.mp4,too_long
P,P_68.mp4,too_long
P,P_7.mp4,too_long
P,P_70.mp4,too_long
P,P_76.mp4,too_long
P,P_81.mp4,too_long
P,P_85.mp4,too_long
P,P_92.mp4,too_long
P,P_95.mp4,too_long
P,P_98.mp4,too_long
P,P_99.mp4,too_long
Q,Q_11.mp4,too_long
Q,Q_12.mp4,too_long
Q,Q_18.mp4,too_long
Q,Q_19.mp4,too_long
Q,Q_2.mp4,too_long
Q,Q_20.mp4,too_long
Q,Q_21.mp4,too_long
Q,Q_25.mp4,too_long
Q,Q_30.mp4,too_long
Q,Q_33.mp4,too_long
Q,Q_34.mp4,too_long
Q,Q_36.mp4,too_long
Q,Q_37.mp4,too_long
Q,Q_39.mp4,too_long
Q,Q_40.mp4,too_long
Q,Q_43.mp4,too_long
Q,Q_44.mp4,too_long
Q,Q_48.mp4,too_long
Q,Q_51.mp4,too_long
Q,Q_52.mp4,too_long
Q,Q_53.mp4,too_long
Q,Q_54.mp4,too_long
Q,Q_56.mp4,too_long
Q,Q_57.mp4,too_long
Q,Q_59.mp4,too_long
Q,Q_60.mp4,too_long
Q,Q_68.mp4,too_long
Q,Q_70.mp4,too_long
Q,Q_71.mp4,too_long
Q,Q_72.mp4,too_long
Q,Q_74.mp4,too_long
Q,Q_77.mp4,too_long
Q,Q_79.mp4,too_long
Q,Q_8.mp4,too_long
Q,Q_82.mp4,too_long
Q,Q_83.mp4,too_long
Q,Q_85.mp4,too_long
Q,Q_86.mp4,too_long
Q,Q_88.mp4,too_long
Q,Q_89.mp4,too_long
Q,Q_90.mp4,too_long
Q,Q_91.mp4,too_long
Q,Q_92.mp4,too_long
Q,Q_96.mp4,too_long
Q,Q_97.mp4,too_long
R,R_1.mp4,too_long
R,R_100.mp4,too_long
R,R_11.mp4,too_long
R,R_12.mp4,too_long
R,R_15.mp4,too_long
R,R_16.mp4,too_long
R,R_18.mp4,too_long
R,R_19.mp4,too_short
R,R_2.mp4,too_long
R,R_20.mp4,too_long
R,R_21.mp4,too_long
R,R_23.mp4,too_short
R,R_24.mp4,too_long
R,R_25.mp4,too_long
R,R_28.mp4,too_long
R,R_29.mp4,too_long
R,R_31.mp4,too_long
R,R_32.mp4,too_short
R,R_33.mp4,too_long
R,R_34.mp4,too_long
R,R_35.mp4,too_long
R,R_39.mp4,too_long
R,R_40.mp4,too_long
R,R_43.mp4,too_long
R,R_44.mp4,too_long
R,R_45.mp4,too_long
R,R_46.mp4,too_long
R,R_48.mp4,too_long
R,R_5.mp4,too_long
R,R_50.mp4,too_long
R,R_51.mp4,too_long
R,R_53.mp4,too_long
R,R_55.mp4,too_long
R,R_60.mp4,too_long
R,R_61.mp4,too_long
R,R_64.mp4,too_long
R,R_69.mp4,too_long
R,R_70.mp4,too_long
R,R_71.mp4,too_long
R,R_75.mp4,too_long
R,R_78.mp4,too_long
R,R_79.mp4,too_long
R,R_81.mp4,too_long
R,R_83.mp4,too_long
R,R_84.mp4,too_long
R,R_93.mp4,too_long
R,R_94.mp4,too_long
R,R_96.mp4,too_long
S,S_11.mp4,too_long
S,S_16.mp4,too_long
S,S_18.mp4,too_long
S,S_21.mp4,too_long
S,S_25.mp4,too_long
S,S_27.mp4,too_long
S,S_3.mp4,too_long
S,S_32.mp4,too_long
S,S_33.mp4,too_long
S,S_34.mp4,too_long
S,S_37.mp4,too_long
S,S_38.mp4,too_long
S,S_40.mp4,too_long
S,S_43.mp4,too_long
S,S_45.mp4,too_long
S,S_55.mp4,too_long
S,S_57.mp4,too_long
S,S_60.mp4,too_long
S,S_61.mp4,too_long
S,S_67.mp4,too_long
S,S_68.mp4,too_long
S,S_69.mp4,too_long
S,S_70.mp4,too_long
S,S_75.mp4,too_long
S,S_77.mp4,too_long
S,S_78.mp4,too_long
S,S_79.mp4,too_long
S,S_80.mp4,too_long
S,S_81.mp4,too_long
S,S_82.mp4,too_long
S,S_85.mp4,too_long
S,S_87.mp4,too_long
S,S_9.mp4,too_long
S,S_91.mp4,too_long
S,S_92.mp4,too_long
S,S_96.mp4,too_long
S,S_99.mp4,too_long
T,T_10.mp4,too_long
T,T_100.mp4,too_long
T,T_11.mp4,too_long
T,T_12.mp4,too_long
T,T_13.mp4,too_long
T,T_14.mp4,too_long
T,T_15.mp4,too_long
T,T_16.mp4,too_long
T,T_18.mp4,too_long
T,T_20.mp4,too_long
T,T_21.mp4,too_long
T,T_22.mp4,too_long
T,T_25.mp4,too_long
T,T_28.mp4,too_long
T,T_3.mp4,too_long
T,T_33.mp4,too_long
T,T_34.mp4,too_long
T,T_37.mp4,too_long
T,T_4.mp4,too_long
T,T_42.mp4,too_long
T,T_44.mp4,too_long
T,T_45.mp4,too_long
T,T_47.mp4,too_long
T,T_5.mp4,too_long
T,T_52.mp4,too_long
T,T_53.mp4,too_long
T,T_54.mp4,too_long
T,T_55.mp4,too_long
T,T_56.mp4,too_long
T,T_58.mp4,too_long
T,T_6.mp4,too_long
T,T_65.mp4,too_long
T,T_66.mp4,too_long
T,T_69.mp4,too_long
T,T_74.mp4,too_long
T,T_78.mp4,too_long
T,T_82.mp4,too_long
T,T_83.mp4,too_long
T,T_85.mp4,too_long
T,T_86.mp4,too_long
T,T_87.mp4,too_long
T,T_89.mp4,too_long
T,T_9.mp4,too_long
T,T_90.mp4,too_long
T,T_91.mp4,too_long
T,T_95.mp4,too_long
T,T_98.mp4,too_long
U,U_100.mp4,too_long
U,U_13.mp4,too_long
U,U_16.mp4,too_long
U,U_18.mp4,too_long
U,U_19.mp4,too_long
U,U_2.mp4,too_long
U,U_20.mp4,too_long
U,U_21.mp4,too_long
U,U_25.mp4,too_long
U,U_27.mp4,too_long
U,U_29.mp4,too_long
U,U_32.mp4,too_long
U,U_35.mp4,too_long
U,U_36.mp4,too_long
U,U_37.mp4,too_long
U,U_38.mp4,too_long
U,U_42.mp4,too_long
U,U_43.mp4,too_long
U,U_44.mp4,too_long
U,U_45.mp4,too_long
U,U_46.mp4,too_long
U,U_47.mp4,too_long
U,U_48.mp4,too_long
U,U_50.mp4,too_long
U,U_53.mp4,too_long
U,U_57.mp4,too_long
U,U_60.mp4,too_long
U,U_62.mp4,too_long
U,U_63.mp4,too_long
U,U_65.mp4,too_long
U,U_66.mp4,too_long
U,U_67.mp4,too_long
U,U_68.mp4,too_long
U,U_71.mp4,too_long
U,U_72.mp4,too_long
U,U_74.mp4,too_long
U,U_75.mp4,too_long
U,U_76.mp4,too_long
U,U_77.mp4,too_long
U,U_78.mp4,too_long
U,U_79.mp4,too_long
U,U_80.mp4,too_long
U,U_84.mp4,too_long
U,U_85.mp4,too_long
U,U_88.mp4,too_long
U,U_89.mp4,too_long
U,U_91.mp4,too_long
U,U_92.mp4,too_long
U,U_93.mp4,too_long
U,U_94.mp4,too_long
U,U_95.mp4,too_long
U,U_99.mp4,too_long
V,V (1).mp4,too_short
V,V (17).mp4,too_short
V,V (27).mp4,too_short
V,V (30).mp4,too_short
V,V (43).mp4,too_short
V,V (59).mp4,too_short
V,V (74).mp4,too_short
V,V (87).mp4,too_short
V,V (90).mp4,too_short
V,V (92).mp4,too_short
V,V (93).mp4,too_short
V,V (96).mp4,too_short
V,V (97).mp4,too_short
V,V (99).mp4,too_short
W,W_1.mp4,too_long
W,W_10.mp4,too_long
W,W_100.mp4,too_long
W,W_12.mp4,too_long
W,W_16.mp4,too_long
W,W_17.mp4,too_long
W,W_2.mp4,too_long
W,W_27.mp4,too_long
W,W_29.mp4,too_long
W,W_3.mp4,too_long
W,W_30.mp4,too_long
W,W_33.mp4,too_long
W,W_38.mp4,too_long
W,W_39.mp4,too_long
W,W_4.mp4,too_long
W,W_40.mp4,too_long
W,W_42.mp4,too_long
W,W_43.mp4,too_long
W,W_45.mp4,too_long
W,W_47.mp4,too_long
W,W_49.mp4,too_long
W,W_5.mp4,too_long
W,W_50.mp4,too_long
W,W_52.mp4,too_long
W,W_53.mp4,too_long
W,W_54.mp4,too_long
W,W_58.mp4,too_long
W,W_6.mp4,too_long
W,W_60.mp4,too_long
W,W_61.mp4,too_long
W,W_62.mp4,too_long
W,W_65.mp4,too_long
W,W_68.mp4,too_long
W,W_69.mp4,too_long
W,W_7.mp4,too_long
W,W_71.mp4,too_long
W,W_72.mp4,too_long
W,W_76.mp4,too_long
W,W_78.mp4,too_long
W,W_8.mp4,too_long
W,W_83.mp4,too_long
W,W_85.mp4,too_long
W,W_86.mp4,too_long
W,W_89.mp4,too_long
W,W_92.mp4,too_long
W,W_94.mp4,too_long
W,W_96.mp4,too_long
W,W_99.mp4,too_long
X,X_1.mp4,too_long
X,X_10.mp4,too_long
X,X_13.mp4,too_long
X,X_14.mp4,too_long
X,X_15.mp4,too_long
X,X_16.mp4,too_long
X,X_18.mp4,too_long
X,X_19.mp4,too_long
X,X_20.mp4,too_long
X,X_27.mp4,too_long
X,X_3.mp4,too_long
X,X_30.mp4,too_long
X,X_32.mp4,too_long
X,X_33.mp4,too_long
X,X_35.mp4,too_long
X,X_36.mp4,too_long
X,X_39.mp4,too_long
X,X_4.mp4,too_long
X,X_40.mp4,too_long
X,X_42.mp4,too_long
X,X_46.mp4,too_long
X,X_47.mp4,too_long
X,X_48.mp4,too_long
X,X_5.mp4,too_long
X,X_50.mp4,too_long
X,X_58.mp4,too_long
X,X_60.mp4,too_long
X,X_64.mp4,too_long
X,X_65.mp4,too_long
X,X_7.mp4,too_long
X,X_70.mp4,too_long
X,X_72.mp4,too_long
X,X_73.mp4,too_long
X,X_74.mp4,too_long
X,X_75.mp4,too_long
X,X_8.mp4,too_long
X,X_82.mp4,too_long
X,X_83.mp4,too_long
X,X_85.mp4,too_long
X,X_88.mp4,too_long
X,X_89.mp4,too_long
X,X_9.mp4,too_long
X,X_90.mp4,too_long
X,X_92.mp4,too_long
X,X_94.mp4,too_long
X,X_95.mp4,too_long
Y,Y (11).mp4,too_short
Y,Y (16).mp4,too_short
Y,Y (17).mp4,too_short
Y,Y (18).mp4,too_short
Y,Y (19).mp4,too_short
Y,Y (2).mp4,too_short
Y,Y (20).mp4,too_short
Y,Y (21).mp4,too_short
Y,Y (22).mp4,too_short
Y,Y (23).mp4,too_short
Y,Y (25).mp4,too_short
Y,Y (27).mp4,too_short
Y,Y (28).mp4,too_short
Y,Y (29).mp4,too_short
Y,Y (30).mp4,too_short
Y,Y (31).mp4,too_short
Y,Y (32).mp4,too_short
Y,Y (33).mp4,too_short
Y,Y (34).mp4,too_short
Y,Y (35).mp4,too_short
Y,Y (37).mp4,too_short
Y,Y (38).mp4,too_short
Y,Y (39).mp4,too_short
Y,Y (9).mp4,too_short
Y,Y_101.mp4,too_long
Y,Y_20.mp4,too_long
Y,Y_22.mp4,too_long
Y,Y_47.mp4,too_long
Y,Y_5.mp4,too_long
Y,Y_60.mp4,too_long
Y,Y_61.mp4,too_long
Y,Y_62.mp4,too_long
Y,Y_71.mp4,too_long
Y,Y_75.mp4,too_long
Y,Y_78.mp4,too_long
Y,Y_80.mp4,too_long
Y,Y_81.mp4,too_long
Y,Y_99.mp4,too_long
Z,Z_11.mp4,too_long
Z,Z_12.mp4,too_long
Z,Z_17.mp4,too_long
Z,Z_18.mp4,too_long
Z,Z_20.mp4,too_long
Z,Z_21.mp4,too_long
Z,Z_22.mp4,too_long
Z,Z_24.mp4,too_long
Z,Z_26.mp4,too_long
Z,Z_31.mp4,too_long
Z,Z_34.mp4,too_long
Z,Z_39.mp4,too_long
Z,Z_4.mp4,too_long
Z,Z_40.mp4,too_long
Z,Z_42.mp4,too_long
Z,Z_43.mp4,too_long
Z,Z_45.mp4,too_long
Z,Z_48.mp4,too_long
Z,Z_5.mp4,too_long
Z,Z_51.mp4,too_long
Z,Z_52.mp4,too_long
Z,Z_56.mp4,too_long
Z,Z_58.mp4,too_long
Z,Z_60.mp4,too_long
Z,Z_61.mp4,too_long
Z,Z_63.mp4,too_long
Z,Z_65.mp4,too_long
Z,Z_66.mp4,too_long
Z,Z_69.mp4,too_long
Z,Z_7.mp4,too_long
Z,Z_71.mp4,too_long
Z,Z_72.mp4,too_long
Z,Z_77.mp4,too_long
Z,Z_80.mp4,too_long
Z,Z_85.mp4,too_long
Z,Z_87.mp4,too_long
Z,Z_88.mp4,too_long
Z,Z_89.mp4,too_long
Z,Z_90.mp4,too_long
Z,Z_91.mp4,too_long
Z,Z_92.mp4,too_long
Z,Z_94.mp4,too_long
Z,Z_97.mp4,too_long
Z,Z_98.mp4,too_long
0,0 (1).mp4,too_short
0,0 (10).mp4,too_short
0,0 (11).mp4,too_short
0,0 (12).mp4,too_short
0,0 (13).mp4,too_short
0,0 (14).mp4,too_short
0,0 (15).mp4,too_short
0,0 (17).mp4,too_short
0,0 (18).mp4,too_short
0,0 (19).mp4,too_short
0,0 (2).mp4,too_short
0,0 (20).mp4,too_short
0,0 (21).mp4,too_short
0,0 (22).mp4,too_short
0,0 (24).mp4,too_short
0,0 (25).mp4,too_short
0,0 (28).mp4,too_short
0,0 (29).mp4,too_short
0,0 (3).mp4,too_short
0,0 (30).mp4,too_short
0,0 (31).mp4,too_short
0,0 (33).mp4,too_short
0,0 (4).mp4,too_short
0,0 (5).mp4,too_short
0,0 (6).mp4,too_short
0,0 (7).mp4,too_short
0,0_10.mp4,too_long
0,0_12.mp4,too_long
0,0_13.mp4,too_long
0,0_22.mp4,too_long
0,0_37.mp4,too_long
0,0_44.mp4,too_long
0,0_61.mp4,too_long
0,0_62.mp4,too_long
0,0_67.mp4,too_short
0,0_70.mp4,too_long
0,0_74.mp4,too_short
0,0_79.mp4,too_long
0,0_82.mp4,too_long
0,0_85.mp4,too_long
0,0_86.mp4,too_short
0,0_89.mp4,too_long
1,1 (1).mp4,too_short
1,1 (10).mp4,too_short
1,1 (11).mp4,too_short
1,1 (12).mp4,too_short
1,1 (13).mp4,too_short
1,1 (14).mp4,too_short
1,1 (15).mp4,too_short
1,1 (2).mp4,too_short
1,1 (3).mp4,too_short
1,1 (4).mp4,too_short
1,1 (5).mp4,too_short
1,1 (6).mp4,too_short
1,1 (7).mp4,too_short
1,1 (8).mp4,too_short
1,1 (9).mp4,too_short
1,1_17.mp4,too_long
1,1_19.mp4,too_long
1,1_20.mp4,too_long
1,1_22.mp4,too_long
1,1_23.mp4,too_long
1,1_25.mp4,too_long
1,1_26.mp4,too_long
1,1_31.mp4,too_long
1,1_32.mp4,too_long
1,1_33.mp4,too_long
1,1_34.mp4,too_long
1,1_35.mp4,too_long
1,1_38.mp4,too_long
1,1_40.mp4,too_long
1,1_43.mp4,too_long
1,1_45.mp4,too_long
1,1_51.mp4,too_long
1,1_52.mp4,too_long
1,1_56.mp4,too_long
1,1_58.mp4,too_long
1,1_59.mp4,too_long
1,1_60.mp4,too_long
1,1_61.mp4,too_long
1,1_62.mp4,too_long
1,1_65.mp4,too_long
1,1_66.mp4,too_long
1,1_67.mp4,too_long
1,1_68.mp4,too_long
1,1_69.mp4,too_long
1,1_72.mp4,too_long
1,1_73.mp4,too_long
1,1_74.mp4,too_long
1,1_79.mp4,too_long
1,1_8.mp4,too_long
1,1_82.mp4,too_long
1,1_85.mp4,too_long
1,1_86.mp4,too_long
1,1_87.mp4,too_long
1,1_89.mp4,too_long
2,2 (1).mp4,too_short
2,2 (10).mp4,too_short
2,2 (11).mp4,too_short
2,2 (12).mp4,too_short
2,2 (2).mp4,too_short
2,2 (3).mp4,too_short
2,2 (4).mp4,too_short
2,2 (5).mp4,too_short
2,2 (6).mp4,too_short
2,2 (7).mp4,too_short
2,2 (8).mp4,too_short
2,2 (9).mp4,too_short
2,2_1.mp4,too_long
2,2_13.mp4,too_long
2,2_15.mp4,too_long
2,2_18.mp4,too_long
2,2_21.mp4,too_long
2,2_23.mp4,too_long
2,2_24.mp4,too_long
2,2_25.mp4,too_long
2,2_26.mp4,too_long
2,2_28.mp4,too_long
2,2_29.mp4,too_long
2,2_3.mp4,too_long
2,2_31.mp4,too_long
2,2_32.mp4,too_long
2,2_35.mp4,too_long
2,2_36.mp4,too_long
2,2_40.mp4,too_long
2,2_41.mp4,too_long
2,2_42.mp4,too_long
2,2_45.mp4,too_long
2,2_46.mp4,too_long
2,2_47.mp4,too_long
2,2_49.mp4,too_long
2,2_5.mp4,too_long
2,2_50.mp4,too_long
2,2_51.mp4,too_long
2,2_54.mp4,too_long
2,2_55.mp4,too_long
2,2_56.mp4,too_long
2,2_57.mp4,too_long
2,2_58.mp4,too_long
2,2_59.mp4,too_long
2,2_62.mp4,too_long
2,2_66.mp4,too_long
2,2_67.mp4,too_long
2,2_68.mp4,too_long
2,2_69.mp4,too_long
2,2_71.mp4,too_long
2,2_77.mp4,too_long
2,2_89.mp4,too_long
3,3 (1).mp4,too_short
3,3 (10).mp4,too_short
3,3 (12).mp4,too_short
3,3 (13).mp4,too_short
3,3 (14).mp4,too_short
3,3 (15).mp4,too_short
3,3 (16).mp4,too_short
3,3 (17).mp4,too_short
3,3 (18).mp4,too_short
3,3 (19).mp4,too_short
3,3 (2).mp4,too_short
3,3 (20).mp4,too_short
3,3 (21).mp4,too_short
3,3 (22).mp4,too_short
3,3 (23).mp4,too_short
3,3 (24).mp4,too_short
3,3 (25).mp4,too_short
3,3 (26).mp4,too_short
3,3 (3).mp4,too_short
3,3 (4).mp4,too_short
3,3 (5).mp4,too_short
3,3 (6).mp4,too_short
3,3 (7).mp4,too_short
3,3 (8).mp4,too_short
3,3 (9).mp4,too_short
3,3_11.mp4,too_long
3,3_12.mp4,too_long
3,3_2.mp4,too_long
3,3_27.mp4,too_long
3,3_31.mp4,too_long
3,3_32.mp4,too_long
3,3_35.mp4,too_long
3,3_39.mp4,too_long
3,3_42.mp4,too_long
3,3_5.mp4,too_long
3,3_55.mp4,too_long
3,3_58.mp4,too_long
3,3_62.mp4,too_long
3,3_67.mp4,too_long
3,3_69.mp4,too_long
3,3_8.mp4,too_long
3,3_82.mp4,too_long
3,3_84.mp4,too_long
3,3_86.mp4,too_long
3,3_90.mp4,too_long
4,4 (1).mp4,too_short
4,4 (10).mp4,too_short
4,4 (11).mp4,too_short
4,4 (12).mp4,too_short
4,4 (2).mp4,too_short
4,4 (3).mp4,too_short
4,4 (4).mp4,too_short
4,4 (5).mp4,too_short
4,4 (6).mp4,too_short
4,4 (7).mp4,too_short
4,4 (8).mp4,too_short
4,4 (9).mp4,too_short
4,4_1.mp4,too_long
4,4_11.mp4,too_long
4,4_12.mp4,too_long
4,4_18.mp4,too_long
4,4_2.mp4,too_long
4,4_22.mp4,too_long
4,4_24.mp4,too_long
4,4_35.mp4,too_long
4,4_4.mp4,too_long
4,4_42.mp4,too_long
4,4_43.mp4,too_long
4,4_45.mp4,too_long
4,4_49.mp4,too_long
4,4_5.mp4,too_long
4,4_50.mp4,too_long
4,4_51.mp4,too_long
4,4_52.mp4,too_long
4,4_59.mp4,too_long
4,4_61.mp4,too_long
4,4_67.mp4,too_long
4,4_68.mp4,too_long
4,4_78.mp4,too_long
4,4_79.mp4,too_long
4,4_82.mp4,too_long
4,4_83.mp4,too_long
4,4_84.mp4,too_long
4,4_89.mp4,too_long
5,5 (1).mp4,too_short
5,5 (10).mp4,too_short
5,5 (11).mp4,too_short
5,5 (12).mp4,too_short
5,5 (13).mp4,too_short
5,5 (14).mp4,too_short
5,5 (2).mp4,too_short
5,5 (3).mp4,too_short
5,5 (4).mp4,too_short
5,5 (5).mp4,too_short
5,5 (6).mp4,too_short
5,5 (7).mp4,too_short
5,5 (8).mp4,too_short
5,5 (9).mp4,too_short
5,5_10.mp4,too_long
5,5_11.mp4,too_long
5,5_13.mp4,too_long
5,5_19.mp4,too_long
5,5_2.mp4,too_long
5,5_20.mp4,too_long
5,5_22.mp4,too_long
5,5_25.mp4,too_short
5,5_28.mp4,too_long
5,5_29.mp4,too_long
5,5_30.mp4,too_long
5,5_32.mp4,too_long
5,5_33.mp4,too_long
5,5_34.mp4,too_long
5,5_37.mp4,too_long
5,5_4.mp4,too_long
5,5_41.mp4,too_short
5,5_43.mp4,too_long
5,5_44.mp4,too_long
5,5_46.mp4,too_long
5,5_49.mp4,too_long
5,5_5.mp4,too_long
5,5_54.mp4,too_long
5,5_57.mp4,too_long
5,5_59.mp4,too_long
5,5_6.mp4,too_long
5,5_60.mp4,too_long
5,5_62.mp4,too_long
5,5_64.mp4,too_long
5,5_66.mp4,too_long
5,5_69.mp4,too_long
5,5_7.mp4,too_long
5,5_70.mp4,too_short
5,5_71.mp4,too_long
5,5_72.mp4,too_long
5,5_75.mp4,too_long
5,5_77.mp4,too_short
5,5_80.mp4,too_long
5,5_84.mp4,too_long
5,5_85.mp4,too_long
5,5_89.mp4,too_long
5,5_9.mp4,too_short
5,5_90.mp4,too_long
6,6 (10).mp4,too_short
6,6 (12).mp4,too_short
6,6 (13).mp4,too_short
6,6 (20).mp4,too_short
6,6 (24).mp4,too_short
6,6 (8).mp4,too_short
6,6_1.mp4,too_long
6,6_12.mp4,too_long
6,6_14.mp4,too_long
6,6_23.mp4,too_long
6,6_30.mp4,too_long
6,6_32.mp4,too_long
6,6_34.mp4,too_long
6,6_35.mp4,too_long
6,6_41.mp4,too_long
6,6_42.mp4,too_long
6,6_49.mp4,too_long
6,6_56.mp4,too_long
6,6_6.mp4,too_long
6,6_66.mp4,too_long
6,6_70.mp4,too_long
6,6_72.mp4,too_long
6,6_80.mp4,too_long
7,7 (1).mp4,too_short
7,7 (10).mp4,too_short
7,7 (11).mp4,too_short
7,7 (12).mp4,too_short
7,7 (13).mp4,too_short
7,7 (14).mp4,too_short
7,7 (15).mp4,too_short
7,7 (17).mp4,too_short
7,7 (19).mp4,too_short
7,7 (2).mp4,too_short
7,7 (20).mp4,too_short
7,7 (21).mp4,too_short
7,7 (25).mp4,too_short
7,7 (27).mp4,too_short
7,7 (3).mp4,too_short
7,7 (4).mp4,too_short
7,7 (7).mp4,too_short
7,7_11.mp4,too_long
7,7_16.mp4,too_long
7,7_23.mp4,too_long
7,7_28.mp4,too_long
7,7_29.mp4,too_long
7,7_3.mp4,too_long
7,7_31.mp4,too_long
7,7_34.mp4,too_long
7,7_36.mp4,too_long
7,7_37.mp4,too_long
7,7_41.mp4,too_long
7,7_45.mp4,too_long
7,7_47.mp4,too_long
7,7_55.mp4,too_long
7,7_64.mp4,too_long
7,7_68.mp4,too_long
7,7_71.mp4,too_long
7,7_74.mp4,too_long
7,7_78.mp4,too_long
7,7_79.mp4,too_long
7,7_85.mp4,too_long
7,7_87.mp4,too_long
7,7_9.mp4,too_long
8,8 (12).mp4,too_short
8,8 (14).mp4,too_short
8,8 (3).mp4,too_short
8,8 (4).mp4,too_short
8,8 (5).mp4,too_short
8,8 (7).mp4,too_short
8,8 (8).mp4,too_short
8,8_11.mp4,too_long
8,8_2.mp4,too_long
8,8_30.mp4,too_long
8,8_31.mp4,too_long
8,8_36.mp4,too_long
8,8_40.mp4,too_long
8,8_43.mp4,too_long
8,8_54.mp4,too_long
8,8_55.mp4,too_long
8,8_57.mp4,too_long
8,8_66.mp4,too_long
8,8_71.mp4,too_long
8,8_73.mp4,too_long
8,8_75.mp4,too_long
8,8_76.mp4,too_long
8,8_77.mp4,too_long
8,8_8.mp4,too_long
9,9 (12).mp4,too_short
9,9 (2).mp4,too_short
9,9 (3).mp4,too_short
9,9 (7).mp4,too_short
9,9_1.mp4,too_long
9,9_28.mp4,too_long
9,9_29.mp4,too_long
9,9_37.mp4,too_long
9,9_38.mp4,too_long
9,9_39.mp4,too_long
9,9_42.mp4,too_long
9,9_43.mp4,too_long
9,9_52.mp4,too_long
9,9_53.mp4,too_long
9,9_55.mp4,too_long
9,9_6.mp4,too_long
9,9_73.mp4,too_long
9,9_81.mp4,too_long
9,9_82.mp4,too_long
9,9_89.mp4,too_long
9,9_90.mp4,too_long
ATM,ATM (9).mp4,too_short
ATM,ATM_1.mp4,too_long
ATM,ATM_11.mp4,too_long
ATM,ATM_12.mp4,too_long
ATM,ATM_14.mp4,too_long
ATM,ATM_15.mp4,too_long
ATM,ATM_16.mp4,too_long
ATM,ATM_2.mp4,too_long
ATM,ATM_20.mp4,too_long
ATM,ATM_23.mp4,too_long
ATM,ATM_25.mp4,too_long
ATM,ATM_29.mp4,too_long
ATM,ATM_3.mp4,too_long
ATM,ATM_32.mp4,too_long
ATM,ATM_39.mp4,too_long
ATM,ATM_4.mp4,too_long
ATM,ATM_40.mp4,too_long
ATM,ATM_42.mp4,too_long
ATM,ATM_43.mp4,too_long
ATM,ATM_46.mp4,too_long
ATM,ATM_51.mp4,too_long
ATM,ATM_53.mp4,too_long
ATM,ATM_54.mp4,too_long
ATM,ATM_55.mp4,too_long
ATM,ATM_57.mp4,too_long
ATM,ATM_62.mp4,too_long
ATM,ATM_63.mp4,too_long
ATM,ATM_69.mp4,too_long
ATM,ATM_7.mp4,too_long
ATM,ATM_72.mp4,too_long
ATM,ATM_8.mp4,too_long
ATM,ATM_80.mp4,too_long
ATM,ATM_86.mp4,too_long
ATM,ATM_87.mp4,too_long
Kartu ATM,Kartu ATM_12.mp4,too_long
Kartu ATM,Kartu ATM_27.mp4,too_long
Kartu ATM,Kartu ATM_28.mp4,too_long
Kartu ATM,Kartu ATM_3.mp4,too_long
Kartu ATM,Kartu ATM_30.mp4,too_long
Kartu ATM,Kartu ATM_34.mp4,too_long
Kartu ATM,Kartu ATM_36.mp4,too_long
Kartu ATM,Kartu ATM_4.mp4,too_long
Kartu ATM,Kartu ATM_47.mp4,too_long
Kartu ATM,Kartu ATM_48.mp4,too_long
Kartu ATM,Kartu ATM_51.mp4,too_long
Kartu ATM,Kartu ATM_52.mp4,too_long
Kartu ATM,Kartu ATM_59.mp4,too_long
Kartu ATM,Kartu ATM_60.mp4,too_long
Kartu ATM,Kartu ATM_67.mp4,too_long
Kartu ATM,Kartu ATM_69.mp4,too_long
Kartu ATM,Kartu ATM_7.mp4,too_long
Kartu ATM,Kartu ATM_73.mp4,too_long
Kartu ATM,Kartu ATM_76.mp4,too_long
Kartu ATM,Kartu ATM_77.mp4,too_long
Kartu ATM,Kartu ATM_80.mp4,too_long
Kartu ATM,Kartu ATM_82.mp4,too_long
Kartu ATM,Kartu ATM_83.mp4,too_long
Kartu ATM,Kartu ATM_84.mp4,too_long
Kartu ATM,Kartu ATM_85.mp4,too_long
Kartu ATM,Kartu ATM_86.mp4,too_long
Kartu ATM,Kartu ATM_87.mp4,too_long
Kartu ATM,Kartu ATM_89.mp4,too_long
Saldo,Saldo_10.mp4,too_long
Saldo,Saldo_12.mp4,too_long
Saldo,Saldo_13.mp4,too_long
Saldo,Saldo_2.mp4,too_long
Saldo,Saldo_20.mp4,too_long
Saldo,Saldo_21.mp4,too_long
Saldo,Saldo_23.mp4,too_long
Saldo,Saldo_28.mp4,too_long
Saldo,Saldo_33.mp4,too_long
Saldo,Saldo_36.mp4,too_long
Saldo,Saldo_39.mp4,too_long
Saldo,Saldo_41.mp4,too_long
Saldo,Saldo_42.mp4,too_long
Saldo,Saldo_5.mp4,too_long
Saldo,Saldo_59.mp4,too_long
Saldo,Saldo_62.mp4,too_long
Saldo,Saldo_65.mp4,too_long
Saldo,Saldo_69.mp4,too_long
Saldo,Saldo_71.mp4,too_long
Saldo,Saldo_72.mp4,too_long
Saldo,Saldo_75.mp4,too_long
Saldo,Saldo_77.mp4,too_long
Saldo,Saldo_81.mp4,too_long
Saldo,Saldo_82.mp4,too_long
Saldo,Saldo_85.mp4,too_long
Saldo,Saldo_87.mp4,too_long
Saldo,Saldo_9.mp4,too_long
Transfer,Transfer_10.mp4,too_long
Transfer,Transfer_13.mp4,too_long
Transfer,Transfer_18.mp4,too_long
Transfer,Transfer_2.mp4,too_long
Transfer,Transfer_20.mp4,too_long
Transfer,Transfer_21.mp4,too_long
Transfer,Transfer_23.mp4,too_long
Transfer,Transfer_27.mp4,too_long
Transfer,Transfer_29.mp4,too_long
Transfer,Transfer_3.mp4,too_long
Transfer,Transfer_30.mp4,too_long
Transfer,Transfer_32.mp4,too_long
Transfer,Transfer_35.mp4,too_long
Transfer,Transfer_41.mp4,too_long
Transfer,Transfer_48.mp4,too_long
Transfer,Transfer_49.mp4,too_long
Transfer,Transfer_5.mp4,too_long
Transfer,Transfer_50.mp4,too_long
Transfer,Transfer_53.mp4,too_long
Transfer,Transfer_54.mp4,too_long
Transfer,Transfer_59.mp4,too_long
Transfer,Transfer_6.mp4,too_long
Transfer,Transfer_62.mp4,too_long
Transfer,Transfer_66.mp4,too_long
Transfer,Transfer_69.mp4,too_long
Transfer,Transfer_70.mp4,too_long
Transfer,Transfer_74.mp4,too_long
Transfer,Transfer_76.mp4,too_long
Transfer,Transfer_77.mp4,too_long
Transfer,Transfer_80.mp4,too_long
Transfer,Transfer_85.mp4,too_long
Transfer,Transfer_86.mp4,too_long
Uang,Uang_1.mp4,too_long
Uang,Uang_10.mp4,too_long
Uang,Uang_15.mp4,too_long
Uang,Uang_18.mp4,too_long
Uang,Uang_19.mp4,too_long
Uang,Uang_26.mp4,too_long
Uang,Uang_27.mp4,too_long
Uang,Uang_3.mp4,too_long
Uang,Uang_31.mp4,too_long
Uang,Uang_32.mp4,too_long
Uang,Uang_35.mp4,too_long
Uang,Uang_37.mp4,too_long
Uang,Uang_40.mp4,too_long
Uang,Uang_41.mp4,too_long
Uang,Uang_50.mp4,too_long
Uang,Uang_57.mp4,too_long
Uang,Uang_60.mp4,too_long
Uang,Uang_61.mp4,too_long
Uang,Uang_62.mp4,too_long
Uang,Uang_64.mp4,too_long
Uang,Uang_66.mp4,too_long
Uang,Uang_69.mp4,too_long
Uang,Uang_73.mp4,too_long
Uang,Uang_74.mp4,too_long
Uang,Uang_8.mp4,too_long
Uang,Uang_80.mp4,too_long
Uang,Uang_83.mp4,too_long
Uang,Uang_89.mp4,too_long
Uang,Uang_90.mp4,too_long
10,10 (10).mp4,too_short
10,10 (11).mp4,too_short
10,10 (12).mp4,too_short
10,10 (13).mp4,too_short
10,10 (14).mp4,too_short
10,10 (16).mp4,too_short
10,10 (17).mp4,too_short
10,10 (9).mp4,too_short
10,10_20.mp4,too_long
10,10_30.mp4,too_long
10,10_38.mp4,too_long
10,10_4.mp4,too_long
10,10_43.mp4,too_long
10,10_50.mp4,too_long
10,10_66.mp4,too_long
10,10_80.mp4,too_long
100,100_11.mp4,too_long
100,100_14.mp4,too_long
100,100_18.mp4,too_long
100,100_19.mp4,too_long
100,100_20.mp4,too_long
100,100_23.mp4,too_long
100,100_26.mp4,too_long
100,100_28.mp4,too_long
100,100_29.mp4,too_long
100,100_30.mp4,too_long
100,100_31.mp4,too_long
100,100_32.mp4,too_long
100,100_44.mp4,too_long
100,100_51.mp4,too_long
100,100_53.mp4,too_long
100,100_55.mp4,too_long
100,100_59.mp4,too_long
100,100_61.mp4,too_long
100,100_62.mp4,too_long
100,100_64.mp4,too_long
100,100_65.mp4,too_long
100,100_67.mp4,too_long
100,100_7.mp4,too_long
100,100_78.mp4,too_long
100,100_79.mp4,too_long
100,100_8.mp4,too_long
100,100_81.mp4,too_long
100,100_84.mp4,too_long
100,100_88.mp4,too_long
1000,1000 (31).mp4,too_short
1000,1000 (38).mp4,too_short
1000,1000_13.mp4,too_long
1000,1000_46.mp4,too_long
1000,1000_50.mp4,too_long
1000,1000_52.mp4,too_long
20,20 (10).mp4,too_short
20,20 (12).mp4,too_short
20,20 (16).mp4,too_short
20,20 (17).mp4,too_short
20,20 (18).mp4,too_short
20,20 (19).mp4,too_short
20,20 (22).mp4,too_short
20,20 (24).mp4,too_short
20,20 (27).mp4,too_short
20,20 (3).mp4,too_short
20,20 (33).mp4,too_short
20,20 (34).mp4,too_short
20,20 (35).mp4,too_short
20,20 (37).mp4,too_short
20,20 (42).mp4,too_short
20,20 (43).mp4,too_short
20,20 (44).mp4,too_short
20,20 (45).mp4,too_short
20,20 (46).mp4,too_short
20,20 (47).mp4,too_short
20,20 (49).mp4,too_short
20,20 (50).mp4,too_short
20,20 (51).mp4,too_short
20,20 (52).mp4,too_short
20,20 (54).mp4,too_short
20,20 (58).mp4,too_short
20,20 (59).mp4,too_short
20,20 (60).mp4,too_short
20,20 (63).mp4,too_short
20,20 (64).mp4,too_short
20,20 (68).mp4,too_short
20,20 (69).mp4,too_short
20,20 (70).mp4,too_short
20,20 (71).mp4,too_short
20,20 (72).mp4,too_short
20,20 (8).mp4,too_short
20,20 (9).mp4,too_short
20,20_24.mp4,too_long
20,20_35.mp4,too_long
20,20_40.mp4,too_long
20,20_44.mp4,too_long
20,20_45.mp4,too_short
20,20_53.mp4,too_long
20,20_59.mp4,too_short
20,20_80.mp4,too_short
20,20_87.mp4,too_short
50,50 (1).mp4,too_short
50,50 (14).mp4,too_short
50,50 (15).mp4,too_short
50,50 (16).mp4,too_short
50,50 (17).mp4,too_short
50,50 (18).mp4,too_short
50,50 (19).mp4,too_short
50,50 (2).mp4,too_short
50,50 (20).mp4,too_short
50,50 (21).mp4,too_short
50,50 (24).mp4,too_short
50,50 (25).mp4,too_short
50,50 (26).mp4,too_short
50,50 (28).mp4,too_short
50,50 (30).mp4,too_short
50,50 (31).mp4,too_short
50,50 (32).mp4,too_short
50,50 (33).mp4,too_short
50,50 (39).mp4,too_short
50,50 (4).mp4,too_short
50,50 (5).mp4,too_short
50,50 (7).mp4,too_short
50,50_1.mp4,too_short
50,50_12.mp4,too_short
50,50_15.mp4,too_short
50,50_17.mp4,too_short
50,50_2.mp4,too_short
50,50_22.mp4,too_short
50,50_25.mp4,too_short
50,50_26.mp4,too_long
50,50_37.mp4,too_long
50,50_42.mp4,too_short
50,50_45.mp4,too_short
50,50_48.mp4,too_short
50,50_50.mp4,too_short
50,50_51.mp4,too_short
50,50_53.mp4,too_short
50,50_54.mp4,too_short
50,50_56.mp4,too_short
50,50_63.mp4,too_short
50,50_68.mp4,too_short
50,50_69.mp4,too_long
50,50_72.mp4,too_short
50,50_77.mp4,too_short
50,50_80.mp4,too_long
50,50_81.mp4,too_short
500,500_24.mp4,too_long
500,500_31.mp4,too_long
500,500_36.mp4,too_long
500,500_52.mp4,too_long
500,500_57.mp4,too_long
500,500_62.mp4,too_long
500,500_65.mp4,too_long
500,500_68.mp4,too_long
500,500_77.mp4,too_long
500,500_8.mp4,too_long
JUTA,JUTA (97).mp4,too_short
RIBU,RIBU (21).mp4,too_short
RIBU,RIBU (22).mp4,too_short
RIBU,RIBU (23).mp4,too_short
RIBU,RIBU (24).mp4,too_short
RIBU,RIBU (25).mp4,too_short
RIBU,RIBU (26).mp4,too_short
RIBU,RIBU (30).mp4,too_short
RIBU,RIBU (31).mp4,too_short
RIBU,RIBU (32).mp4,too_short
RIBU,RIBU (33).mp4,too_short
RIBU,RIBU (34).mp4,too_short
RIBU,RIBU (35).mp4,too_short
RIBU,RIBU (36).mp4,too_short
RIBU,RIBU (39).mp4,too_short
RIBU,RIBU_11.mp4,too_long
RIBU,RIBU_16.mp4,too_long
RIBU,RIBU_2.mp4,too_long
RIBU,RIBU_20.mp4,too_long
RIBU,RIBU_27.mp4,too_long
RIBU,RIBU_28.mp4,too_long
RIBU,RIBU_30.mp4,too_long
RIBU,RIBU_32.mp4,too_long
RIBU,RIBU_33.mp4,too_long
RIBU,RIBU_37.mp4,too_long
RIBU,RIBU_43.mp4,too_long
RIBU,RIBU_48.mp4,too_long
RIBU,RIBU_50.mp4,too_long
RIBU,RIBU_55.mp4,too_long
RIBU,RIBU_78.mp4,too_long
RIBU,RIBU_80.mp4,too_long
RIBU,RIBU_82.mp4,too_long
RIBU,RIBU_83.mp4,too_long
RIBU,RIBU_9.mp4,too_long
